"id","status","priority","subject","customer","assignee","messages","tags","createdAt","updatedAt","resolvedAt"
"T0001","open","low","Multi-tiered empowering hierarchy","{""name"":""Wm Schiller"",""email"":""precious.bailey@gmail.com"",""company"":""Tremblay - Rempel""}",,"[""Minus pariatur vobis solitudo."",""Solitudo tametsi vito absorbeo amissio coaegresco sollicito tollo.""]","[""question"",""billing"",""technical"",""needs-info""]","2025-10-31T19:14:03.721Z","2025-11-02T19:19:58.021Z",
"T0002","in-progress","medium","Distributed dynamic middleware","{""name"":""Mrs. Cassandra Pollich"",""email"":""merl2@hotmail.com"",""company"":""Langworth LLC""}","Teresa Bins","[""Blanditiis caute delibero."",""Sui atrocitas excepturi aspicio tenus vestrum."",""Arcus depraedor cotidie ubi vere credo comedo."",""Audeo antea stips thermae nam voluptate reiciendis."",""Deputo consequuntur summopere desparatus caelum caries textus deputo veritas vinculum."",""Casus supplanto corona deserunt calamitas considero soleo."",""Tenuis tero ulterius vir amita.""]","[""bug"",""documentation"",""technical"",""question""]","2025-10-21T18:53:58.785Z","2025-10-29T23:10:08.990Z",
"T0003","resolved","high","Face to face asymmetric collaboration","{""name"":""Samuel Bechtelar-McClure"",""email"":""garett83@gmail.com"",""company"":""Schimmel and Sons""}","Willie Renner","[""Depereo delego adamo."",""Sunt sustineo cupio accendo verbera testimonium asperiores coma."",""Copia armarium atrocitas ustilo clam numquam defetiscor.""]","[""technical"",""needs-info""]","2025-10-03T12:11:20.296Z","2025-11-05T02:41:04.049Z","2025-11-05T22:51:45.228Z"
"T0004","closed","urgent","Business-focused optimal implementation","{""name"":""Patsy Cormier"",""email"":""damion56@yahoo.com"",""company"":""Kemmer and Sons""}","Angelica Klein","[""Combibo vulnero arcesso.""]","[""documentation""]","2025-10-27T15:10:08.111Z","2025-11-05T17:58:37.270Z","2025-11-07T01:47:29.291Z"
"T0005","open","low","Distributed value-added leverage","{""name"":""Frankie Braun"",""email"":""queen.funk@yahoo.com"",""company"":""Mitchell - Rogahn""}",,"[""Solvo deinde quia brevis tabella creber autem."",""Carpo argentum tepidus cattus antiquus."",""Cupiditate sordeo solutio cohaero baiulus brevis animadverto adfero."",""Callide calco quibusdam.""]","[""needs-info"",""feature-request"",""technical"",""documentation""]","2025-09-12T04:43:00.797Z","2025-10-29T05:20:44.809Z",
"T0006","in-progress","medium","Customizable bifurcated generative AI","{""name"":""Amos Mohr"",""email"":""leonel.pouros@gmail.com"",""company"":""Grady - Ullrich""}","Sabrina Harris IV","[""Supplanto auditor dapifer trans trepide auditor."",""Succedo conor curia."",""Vivo vapulus appono theologus statim ex usitas tardus aliquid."",""Cupiditas a patria statim copiose."",""Demo nobis approbo xiphias dignissimos depromo."",""Clementia theologus claustrum subiungo."",""Verecundia coaegresco valetudo vindico asporto.""]","[""documentation"",""technical""]","2025-10-19T22:01:41.855Z","2025-10-26T20:50:02.012Z",
"T0007","resolved","high","Profound motivating standardization","{""name"":""Janice Weissnat"",""email"":""carey.walter54@gmail.com"",""company"":""Prosacco - Renner""}","Geoffrey Yost","[""Adversus conculco aegre abduco adhaero."",""Aliqua eius bibo vulgaris cenaculum."",""Est decerno solvo appono tertius apto recusandae benigne.""]","[""technical""]","2025-09-14T10:38:31.225Z","2025-09-15T21:30:50.748Z","2025-10-18T09:03:45.777Z"
"T0008","closed","urgent","Programmable optimizing success","{""name"":""Cathy Bartoletti"",""email"":""faye.williamson68@yahoo.com"",""company"":""Schultz - Kertzmann""}","Genevieve Smith","[""Video damno deporto sophismata quod aperte considero."",""Verto aliqua aequitas cupio bibo eius labore demitto."",""Capto bis sollicito tyrannus."",""Thesaurus stabilis beatus talio subiungo creber ullam eum varietas tracto."",""Tracto aptus dens arcesso.""]","[""needs-info"",""technical""]","2025-10-16T09:02:14.352Z","2025-10-19T19:18:58.552Z","2025-11-03T18:30:17.986Z"
"T0009","open","low","Digitized data-driven website","{""name"":""Rosemarie O'Keefe"",""email"":""glen_schroeder@hotmail.com"",""company"":""Wintheiser LLC""}",,"[""Quia quas ab."",""Adhaero occaecati dedico considero victoria cenaculum cilicium."",""Sit voluntarius adeptio curo odio suus atque."",""Desidero vapulus crebro somnus adipiscor tantillus corporis."",""Conor stella tredecim depereo vorax peccatus tempore stella vicissitudo vir."",""Antepono voluptatibus calco audax dolor ex cimentarius collum collum cenaculum.""]","[""needs-info"",""question"",""feature-request""]","2025-09-16T01:14:29.334Z","2025-10-15T18:49:07.322Z",
"T0010","in-progress","medium","Self-enabling secondary adapter","{""name"":""Leslie Rutherford"",""email"":""avery74@hotmail.com"",""company"":""Greenholt LLC""}","Dr. Brandon Mueller","[""Ventosus corpus venia aqua alveus voluptate vilitas."",""Admoneo admitto communis coruscus tendo unde in."",""Cultura amo apto tamdiu utor."",""Stillicidium contego absconditus temptatio cupio."",""Chirographum omnis communis video allatus.""]","[""documentation"",""technical"",""bug"",""billing""]","2025-10-22T14:40:26.899Z","2025-10-23T19:01:51.787Z",
"T0011","resolved","high","Multi-tiered immersive matrices","{""name"":""George Morar"",""email"":""guadalupe17@gmail.com"",""company"":""Kreiger, Veum and Kertzmann""}","Hattie Cormier","[""Vicissitudo verbera aperio eveniet quaerat quia."",""Conatus amplus molestias cogito aut maiores pel adipisci."",""Amet cultura sono auxilium carbo qui theologus impedit avaritia terreo.""]","[""billing"",""needs-info"",""documentation"",""technical""]","2025-10-19T22:53:10.628Z","2025-10-24T09:28:09.456Z","2025-11-04T10:28:18.045Z"
"T0012","closed","urgent","Progressive zero trust matrix","{""name"":""Chester Little DDS"",""email"":""elaina_bernier@gmail.com"",""company"":""Effertz, Greenholt and Hermiston""}","Marshall Boyer-Gleason","[""Pauper conatus trado."",""Curo sumptus bibo acceptus cicuta pauper degusto sulum."",""Vilicus vis vomer adsum."",""Paulatim alienus vox inflammatio sperno surgo minus et."",""Caput culpa aegre tempora."",""Vox valeo vigilo tactus acquiro."",""Abstergo aedificium stabilis vos sophismata cuppedia."",""Varius suffragium demum.""]","[""bug""]","2025-10-27T07:06:44.206Z","2025-11-05T03:51:00.813Z","2025-11-06T09:47:41.851Z"
"T0013","open","low","AI-driven maximized software","{""name"":""Paula Hoeger PhD"",""email"":""edd_graham0@yahoo.com"",""company"":""Friesen and Sons""}",,"[""Curiositas aestas tactus numquam conitor causa claro tenus."",""Civitas celer charisma turbo assentator caste."",""Voluptates abeo capto sursum casso versus distinctio.""]","[""feature-request"",""billing"",""technical""]","2025-10-23T07:03:06.942Z","2025-11-04T08:35:58.747Z",
"T0014","in-progress","medium","Ergonomic mobile application","{""name"":""Johnnie Emmerich"",""email"":""jonatan25@yahoo.com"",""company"":""Dach - Daniel""}","Blanca Schroeder","[""Volubilis nesciunt censura coerceo quibusdam termes curiositas solum curriculum consequuntur."",""Tondeo depulso adnuo denuncio despecto debilito coruscus.""]","[""technical"",""billing"",""needs-info"",""bug""]","2025-10-27T09:58:12.737Z","2025-11-04T02:19:34.882Z",
"T0015","resolved","high","Advanced intermediate challenge","{""name"":""Mr. Abraham Rowe"",""email"":""alyson_sipes@hotmail.com"",""company"":""Heaney - Robel""}","Edward Torp","[""Amitto utique consectetur velit ante reprehenderit uter.""]","[""question""]","2025-10-27T00:32:31.475Z","2025-11-06T16:17:00.844Z","2025-11-07T01:29:35.000Z"
"T0016","closed","urgent","Distributed global hardware","{""name"":""Timothy Homenick-Wintheiser"",""email"":""earnest.kirlin@hotmail.com"",""company"":""Gulgowski - Cummings""}","Dennis Quigley","[""Sublime arx autus denuncio desidero tenuis."",""Vulgivagus communis tyrannus toties."",""Tactus comes acsi magnam viscus armarium templum adhuc autem eius."",""Testimonium antiquus vapulus atqui dapifer architecto."",""Torrens aurum nesciunt supplanto demo cedo tabernus conscendo."",""Adsidue velit enim cervus turpis decipio sortitus vulgivagus.""]","[""feature-request"",""bug"",""documentation"",""needs-info""]","2025-10-03T15:46:51.761Z","2025-10-24T05:46:05.204Z","2025-10-28T17:35:14.977Z"
"T0017","open","low","User-centric local synergy","{""name"":""Anita Rogahn"",""email"":""rodrigo82@hotmail.com"",""company"":""Kirlin - Nolan""}",,"[""Sunt argumentum alius virgo culpo sed vitium."",""Aperte desino attonbitus admitto vehemens cena adnuo deserunt termes."",""Appono creta causa et veniam ultio tubineus."",""Appello animi utilis ager."",""Attonbitus cunctatio triumphus volutabrum abeo laborum."",""Cribro colligo thema supra thesis volup utpote pectus certus.""]","[""question"",""documentation"",""billing""]","2025-10-11T05:40:42.875Z","2025-10-16T22:32:43.468Z",
"T0018","in-progress","medium","Triple-buffered next generation capacity","{""name"":""Johnnie Marquardt"",""email"":""stanley32@gmail.com"",""company"":""Hane Group""}","Howard Bradtke","[""Utpote adulatio quia tum pectus spiculum sublime."",""Vacuus assentator spoliatio adduco texo tonsor bene eius tersus dicta."",""Demitto defluo universe venia solitudo tibi abbas repudiandae trepide adhaero."",""Autus cultura confugo voluptatibus synagoga voco infit."",""Attonbitus summisse una speciosus."",""Amo quasi audax bonus clementia."",""Depromo voco soleo averto cibo contego adulatio ceno."",""Quia qui votum toties communis aestas.""]","[""question"",""bug"",""needs-info"",""billing""]","2025-09-12T02:55:41.534Z","2025-09-29T08:26:22.726Z",
"T0019","resolved","high","Total fresh-thinking artificial intelligence","{""name"":""James Bradtke PhD"",""email"":""alvera_crona@gmail.com"",""company"":""Homenick, Reilly and Bailey""}","Dan Will","[""Viduo conforto rerum summopere caelum tonsor auctus cattus."",""Thalassinus neque possimus adduco vito."",""Vitium baiulus ipsum canis audacia ambitus ambulo aranea."",""Colo conscendo copia arca explicabo."",""Vomica adstringo canto tui valens candidus benevolentia acceptus officiis usque."",""Valens terror cornu venio alii stips creber tardus sustineo."",""Cunctatio creber contigo aurum consuasor arto ceno angelus acidus ver."",""Suppellex amor cito assumenda absque totam totus cogo adamo.""]","[""question"",""feature-request""]","2025-08-27T02:24:57.250Z","2025-10-09T16:50:26.078Z","2025-10-29T09:28:58.358Z"
"T0020","closed","urgent","User-friendly logistical emulation","{""name"":""Marlon Kuhic"",""email"":""sim55@gmail.com"",""company"":""Medhurst, D'Amore and Gibson""}","Jessie O'Conner","[""Non admitto arca defungo tempora praesentium."",""Cerno conatus cursim vindico comburo sufficio adeptio conforto."",""Despecto somniculosus civis tolero vitiosus decens celo impedit trucido admoveo."",""Adicio abscido cras voluptatum."",""Strenuus iste claudeo alius.""]","[""billing""]","2025-08-22T05:06:56.349Z","2025-10-15T16:34:28.145Z","2025-10-24T17:35:47.001Z"
"T0021","open","low","Distributed directional customer loyalty","{""name"":""Sidney Nitzsche"",""email"":""gennaro.tillman@hotmail.com"",""company"":""Hirthe Group""}",,"[""Ceno vereor corrumpo corroboro minus."",""Vulgo crur tepesco antepono."",""Censura somniculosus commodo.""]","[""feature-request""]","2025-09-06T19:02:37.764Z","2025-09-30T04:44:34.673Z",
"T0022","in-progress","medium","Enhanced cloud-native matrices","{""name"":""Reginald Stoltenberg"",""email"":""barton_ebert@yahoo.com"",""company"":""Cummings, Kovacek and McGlynn""}","Sylvester Torphy","[""Usus valeo testimonium appono nisi aequus."",""Decens coaegresco deleniti volubilis subvenio adaugeo vindico utique."",""Denego acerbitas umquam."",""Desipio cedo aliqua attollo."",""Turba nam nisi comburo vicissitudo."",""Apostolus tolero ventus denuo adhaero ullam."",""Concedo bellum deleniti vesica vel damno.""]","[""bug"",""documentation"",""billing"",""needs-info""]","2025-09-06T08:18:06.294Z","2025-10-29T23:48:23.694Z",
"T0023","resolved","high","Immersive content-based function","{""name"":""Dr. Beatrice Doyle"",""email"":""sylvan36@gmail.com"",""company"":""Stokes, Cole and Beahan""}","Marlon Dibbert","[""Vulticulus vacuus explicabo adipiscor summa suspendo alter.""]","[""bug""]","2025-10-01T06:59:28.900Z","2025-11-05T23:10:26.090Z","2025-11-06T21:52:05.764Z"
"T0024","closed","urgent","Adaptive eco-centric hardware","{""name"":""Maryann Larkin"",""email"":""drew.dickinson@hotmail.com"",""company"":""Schultz - Jaskolski""}","Henrietta Ortiz","[""Uterque nemo concido argentum repudiandae claudeo trado aranea praesentium."",""Arma viriliter utique cruciamentum."",""Aveho totidem argentum coadunatio denuncio carcer.""]","[""documentation"",""feature-request"",""billing""]","2025-08-31T09:09:22.298Z","2025-09-11T16:29:47.339Z","2025-10-15T20:15:44.176Z"
"T0025","open","low","Upgradable intangible framework","{""name"":""Kathy Effertz"",""email"":""jacey.schroeder27@gmail.com"",""company"":""Goodwin - Heidenreich""}",,"[""Tenus adfero curis culpa aestas apostolus claro aspernatur usque."",""Certe antepono tandem cuius utilis.""]","[""bug"",""billing"",""needs-info"",""documentation""]","2025-10-30T02:34:42.193Z","2025-10-30T17:11:23.105Z",
"T0026","in-progress","medium","Stand-alone optimal ability","{""name"":""Perry Cummings"",""email"":""stephon_dach@yahoo.com"",""company"":""Boyle - Stamm""}","Tomas Erdman","[""Abduco taedium vir curis amaritudo calculus.""]","[""feature-request"",""billing"",""needs-info""]","2025-11-03T00:00:57.644Z","2025-11-06T00:08:06.291Z",
"T0027","resolved","high","Fundamental optimal generative AI","{""name"":""Catherine Gislason-Beahan"",""email"":""ernie.oconnell@hotmail.com"",""company"":""Smith, DuBuque and Hermiston""}","Gertrude Leffler","[""Adduco ara succedo corrumpo bellicus curriculum solitudo ventito benevolentia."",""Suadeo advoco tunc strues depereo."",""Adhaero advenio sumo optio demergo demonstro vulgo voluntarius."",""Votum solutio alo congregatio molestiae depereo."",""Quaerat territo quas bellicus subseco cumque sto suadeo."",""Distinctio et vilitas tabgo coruscus nisi exercitationem."",""Deficio deporto corrigo cuius depereo nulla derideo.""]","[""documentation""]","2025-08-17T21:13:25.707Z","2025-09-02T00:31:32.660Z","2025-10-13T08:42:38.276Z"
"T0028","closed","urgent","Reactive intermediate analyzer","{""name"":""Katherine Effertz"",""email"":""ellsworth_kub89@hotmail.com"",""company"":""McDermott Inc""}","Boyd Turner","[""Cicuta repellat armarium pax summisse considero."",""Concido corrigo tantum ulterius sodalitas cito vociferor balbus."",""Defero utpote caste vulgaris crastinus studio aeternus acidus corrupti aut."",""Substantia supra calco cubo careo."",""Ipsa tenuis combibo vado attonbitus reiciendis patrocinor cupiditas."",""Cuppedia vos bardus."",""Suggero cur cohors.""]","[""feature-request""]","2025-09-07T01:03:30.023Z","2025-10-12T02:28:55.946Z","2025-10-16T20:09:48.187Z"
"T0029","open","low","Digitized disintermediate capacity","{""name"":""Thomas Volkman MD"",""email"":""myrtie71@yahoo.com"",""company"":""Mraz Group""}",,"[""Textilis vero deleo adipisci crux quaerat depulso cultellus amplus.""]","[""billing"",""needs-info""]","2025-10-07T19:11:56.115Z","2025-10-28T16:48:41.725Z",
"T0030","in-progress","medium","Centralized secondary neural-net","{""name"":""Ervin Gislason"",""email"":""orland81@hotmail.com"",""company"":""Jaskolski LLC""}","Billie Gottlieb","[""Audentia thermae tamquam contigo."",""Eveniet quidem antepono cubo arto attonbitus beatae communis curriculum vestrum."",""Undique vomito exercitationem templum contigo amplitudo."",""Sopor illum ter videlicet veniam vitae."",""Ante volubilis apud tabella deputo sordeo aeternus advoco victus creo."",""Agnitio cubicularis crudelis.""]","[""bug""]","2025-10-18T11:51:50.065Z","2025-11-03T05:46:52.776Z",
"T0031","resolved","high","Reverse-engineered intangible adapter","{""name"":""Doug Smitham"",""email"":""rudy_abbott@gmail.com"",""company"":""Anderson, Marquardt and Willms""}","Terry Skiles","[""Vulgaris aptus doloribus culpo vulgivagus concedo sequi crur."",""Fugit teres alius tardus aqua totus vinco toties praesentium."",""Damnatio aeneus universe dedecor libero cervus aggero denique aro."",""Sordeo carus teneo."",""Autem urbanus dolor deorsum accommodo aliqua."",""Victoria vesica considero vicissitudo aegrotatio spectaculum depromo dignissimos.""]","[""feature-request""]","2025-09-01T02:11:20.394Z","2025-09-21T22:50:21.952Z","2025-10-09T08:13:47.135Z"
"T0032","closed","urgent","Programmable national algorithm","{""name"":""Janet D'Amore"",""email"":""sedrick_hartmann@yahoo.com"",""company"":""Strosin Inc""}","Juan Murphy","[""Volaticus pauper creator molestiae subiungo aegrus."",""Acerbitas comedo undique cohibeo."",""Illo cupressus concido error vinculum vulticulus."",""Celo vigor admiratio vesper spero tui."",""Arx thymbra deleniti cotidie solum tergum odio tripudio.""]","[""billing"",""needs-info""]","2025-10-03T06:53:28.667Z","2025-10-25T12:45:30.526Z","2025-10-27T00:04:51.768Z"
"T0033","open","low","Centralized leading edge adapter","{""name"":""Bobbie Luettgen"",""email"":""casimer_buckridge@hotmail.com"",""company"":""Price and Sons""}",,"[""Canonicus temeritas convoco tergum comparo trans."",""Occaecati quaerat coniecto utrum pel cras."",""Quam conscendo utpote quis utrimque."",""Canto totidem tenus nulla commodo contigo adstringo."",""Terga tremo ventosus laudantium fuga."",""Viriliter cruentus annus."",""Alioqui venia officiis tutis curia."",""Ambitus talis virtus usus.""]","[""technical"",""documentation"",""billing""]","2025-09-23T01:34:52.820Z","2025-10-29T16:36:19.003Z",
"T0034","in-progress","medium","Devolved user-facing website","{""name"":""Andres Cruickshank"",""email"":""ardith_sawayn32@hotmail.com"",""company"":""Watsica and Sons""}","Lucille Schneider","[""Argumentum tamen nisi corona labore cohors arbitro."",""Pauper eum repellendus adiuvo curis defetiscor."",""Copiose via confero cunabula aegrotatio sufficio crebro curso."",""Despecto tamen magnam magnam."",""Acerbitas color totidem damnatio vergo cetera uter."",""Substantia aperiam anser."",""Patria statua auctor vereor decens aro admoveo ullus vestigium adicio."",""Textilis benigne corrumpo bellicus aetas porro curo constans officiis super.""]","[""question"",""feature-request""]","2025-10-19T15:53:16.501Z","2025-10-24T00:12:19.330Z",
"T0035","resolved","high","Fully-configurable needs-based interface","{""name"":""Lucia O'Conner"",""email"":""estel.becker@hotmail.com"",""company"":""Robel - Haley""}","Maurice Schmidt","[""Acer temeritas vinco coadunatio cauda tricesimus coniecto appono deinde arbustum."",""Delego dapifer consuasor sophismata vox sumo suasoria."",""Sodalitas administratio tamquam error."",""Pecto textor defaeco cunae illum vapulus cotidie bene."",""Tempora vulnero deorsum veritas audio."",""Maxime sumptus defetiscor amet caelestis utpote."",""Titulus vobis amiculum celo thorax vacuus possimus aspernatur.""]","[""billing""]","2025-10-01T18:23:39.979Z","2025-10-23T12:20:14.528Z","2025-10-24T23:05:13.093Z"
"T0036","closed","urgent","Customer-focused client-server neural-net","{""name"":""Cory Hilll I"",""email"":""kobe.strosin30@gmail.com"",""company"":""Smitham, Yost and Grimes""}","Shelia Schiller","[""Cedo attollo tumultus quibusdam cometes trans fuga."",""Doloribus concedo strues vulnus vestigium minus certe minima deficio."",""Subito sordeo adduco viduo aduro rerum debilito tripudio."",""Ullus deserunt autus aperte vicinus brevis."",""Magnam curso totidem aestus.""]","[""feature-request"",""technical"",""question""]","2025-08-26T14:49:16.741Z","2025-09-10T16:03:26.734Z","2025-10-26T17:37:51.188Z"
"T0037","open","low","Profit-focused motivating framework","{""name"":""Felix Adams"",""email"":""mafalda26@gmail.com"",""company"":""Jacobi, Cummings and Weber""}",,"[""Aer speciosus acerbitas adulatio comparo debilito baiulus."",""Fugiat aufero damno solutio est administratio strenuus strues urbs."",""Coma adficio crudelis spes facere ceno crastinus vir caveo solum.""]","[""billing"",""documentation"",""bug""]","2025-08-17T01:12:53.815Z","2025-08-21T00:55:45.475Z",
"T0038","in-progress","medium","Enhanced needs-based leverage","{""name"":""Miguel Boyer"",""email"":""elsie50@hotmail.com"",""company"":""Mann, Gleason and Gulgowski""}","Joann Moore","[""Decipio ancilla antea tumultus censura sperno sortitus tero suggero aptus."",""Calculus vaco bellum rerum turba capillus candidus vomito."",""Incidunt tergeo admiratio comminor communis velut."",""Studio ante minima urbanus."",""Terebro thymum angelus aliquid crur volubilis nemo caelestis."",""Verus triumphus quam basium."",""Adsidue terga ciminatio venustas."",""Culpo calamitas brevis verus.""]","[""documentation"",""technical""]","2025-10-27T17:32:59.220Z","2025-10-31T20:53:41.190Z",
"T0039","resolved","high","Customer-focused incremental initiative","{""name"":""Irvin Torphy"",""email"":""heber_schneider59@hotmail.com"",""company"":""Prosacco Inc""}","Harriet Lemke","[""Triumphus atqui accendo tunc villa comburo demitto."",""Colligo summa acquiro pauci curiositas solutio eos."",""Cibo spes creber denego civitas accusator ultio vilicus curatio.""]","[""bug"",""billing"",""question"",""needs-info""]","2025-10-18T15:31:47.913Z","2025-10-22T03:48:16.496Z","2025-10-30T02:19:08.952Z"
"T0040","closed","urgent","Enhanced value-added structure","{""name"":""Jaime Marquardt"",""email"":""vivien.hegmann@gmail.com"",""company"":""Gleichner, Daugherty and Bauch""}","Alfonso Effertz","[""Supplanto quis ultio usus."",""Surculus balbus depono colligo.""]","[""billing"",""documentation"",""feature-request"",""bug""]","2025-09-28T22:57:47.870Z","2025-10-22T04:56:43.599Z","2025-11-01T21:45:39.290Z"
"T0041","open","low","Cross-platform bottom-line projection","{""name"":""Molly Miller"",""email"":""zachery.stanton42@gmail.com"",""company"":""Parisian, DuBuque and Hoppe""}",,"[""Auctor texo aliqua circumvenio autem valens pariatur bis acsi demo.""]","[""documentation"",""bug""]","2025-10-17T18:22:21.574Z","2025-11-03T02:02:00.674Z",
"T0042","in-progress","medium","Ergonomic uniform knowledge base","{""name"":""Lorena Wunsch"",""email"":""estelle.mertz-larson@yahoo.com"",""company"":""Windler - Leannon""}","Shane Corwin","[""Utor dolorem communis amet."",""Voluptates deludo suasoria terror ustulo terra deripio."",""Arceo comminor vacuus deinde illo assumenda."",""Ocer trepide suspendo ceno contego vicinus verus crux paulatim consequatur.""]","[""technical"",""documentation""]","2025-08-14T15:13:45.396Z","2025-10-23T07:27:08.627Z",
"T0043","resolved","high","Centralized encompassing project","{""name"":""Mamie Rogahn"",""email"":""elliot77@yahoo.com"",""company"":""Hegmann and Sons""}","Karen Morissette","[""Comprehendo neque ea."",""Basium pauper abbas talio agnosco."",""Subito ventus surculus super conatus."",""Caelestis aperio saepe canonicus distinctio creator thorax curso."",""Artificiose cado ultio tribuo vita conor nobis bis varius versus."",""Vis abundans approbo tenax deprimo."",""Solus perspiciatis antea demoror adhuc aspicio thorax aedificium contabesco."",""Amicitia error caries compono adulescens.""]","[""needs-info"",""documentation"",""billing"",""feature-request""]","2025-08-09T19:35:08.794Z","2025-10-18T11:12:59.577Z","2025-10-26T18:31:13.235Z"
"T0044","closed","urgent","Public-key zero defect protocol","{""name"":""Caroline Muller"",""email"":""destini.rolfson77@gmail.com"",""company"":""Lindgren and Sons""}","Levi Herzog","[""Acervus cruentus aro sapiente."",""Capio cibus vetus eaque."",""Urbanus utrimque aperio somniculosus ipsa thermae reprehenderit supellex."",""Turba cognomen utpote vulgivagus cito tantum casus."",""Suffragium aro comburo theca deludo astrum repellat ager."",""Vapulus defleo velociter illo atrocitas uberrime."",""Voluptatibus aetas statim curto deprecator dolorem suus.""]","[""feature-request"",""technical""]","2025-10-21T12:43:55.037Z","2025-11-02T07:36:03.009Z","2025-11-06T08:07:59.197Z"
"T0045","open","low","Self-enabling full-range pricing structure","{""name"":""Austin Bauch"",""email"":""bessie3@hotmail.com"",""company"":""Smith LLC""}",,"[""Color arbustum ultio."",""Tutamen alienus vaco dolores adficio coaegresco tabgo voluptates thema."",""Complectus coruscus appositus asporto crudelis appono."",""Amita vicissitudo arto alias accusator.""]","[""billing"",""documentation"",""technical""]","2025-08-21T09:40:26.182Z","2025-10-24T11:07:35.684Z",
"T0046","in-progress","medium","Multi-tiered bifurcated software","{""name"":""Jody Stark IV"",""email"":""janiya_fay10@gmail.com"",""company"":""Feil - Turcotte""}","Cedric Cartwright","[""Defero abscido tubineus arto cenaculum antiquus arca aequitas."",""Tribuo templum adfero sit deripio sursum caterva virga capio."",""Stipes unde ab voluptas ascisco."",""Ad benevolentia claustrum considero.""]","[""needs-info"",""question""]","2025-09-06T02:18:45.880Z","2025-09-11T15:45:39.996Z",
"T0047","resolved","high","Versatile contextually-based migration","{""name"":""Kelley Ruecker"",""email"":""hulda.ledner@gmail.com"",""company"":""Haag, Green and Walker""}","Kelvin Osinski","[""Sperno modi speculum.""]","[""question"",""technical""]","2025-10-19T10:22:46.481Z","2025-10-27T19:32:21.310Z","2025-11-06T11:50:48.149Z"
"T0048","closed","urgent","Sharable hybrid attitude","{""name"":""Douglas Franecki"",""email"":""lavinia_crist@gmail.com"",""company"":""Runte, Smith and Trantow""}","Randal McDermott","[""Surgo pecto tollo soleo torqueo bellum deputo."",""Fugiat comes tantillus quidem degero."",""Vester torqueo tamisium aro."",""Deludo totam quae bellicus."",""Id nobis victoria aperte speculum talio teneo deduco suffoco cohibeo.""]","[""question""]","2025-10-17T22:31:33.312Z","2025-10-18T23:56:16.153Z","2025-10-27T08:25:02.573Z"
"T0049","open","low","Profit-focused eco-centric orchestration","{""name"":""Johanna Cassin"",""email"":""luther_price81@hotmail.com"",""company"":""Donnelly and Sons""}",,"[""Culpo ventosus excepturi sed."",""Acsi cattus quasi suppono contabesco barba tactus utor conservo nam."",""Alias aequus tui."",""Verus curvo admoveo dolorem custodia derelinquo nemo eveniet crux depopulo.""]","[""needs-info""]","2025-10-18T08:17:04.403Z","2025-10-22T22:20:34.039Z",
"T0050","in-progress","medium","Decentralized methodical leverage","{""name"":""Drew Dickinson"",""email"":""tyler.abshire@gmail.com"",""company"":""Kirlin, O'Kon and Kshlerin""}","Janet Miller","[""Quidem sub sollicito curiositas."",""Crinis suffoco bonus."",""Volutabrum voluptatibus auditor subiungo apud.""]","[""documentation"",""bug"",""billing""]","2025-08-12T13:02:43.478Z","2025-10-30T02:22:05.294Z",
"T0051","resolved","high","Managed tangible initiative","{""name"":""Jennifer O'Conner"",""email"":""eriberto67@yahoo.com"",""company"":""Haag and Sons""}","Mr. Robin Schimmel","[""Amicitia solus dapifer."",""Auxilium bis civis quasi cauda undique balbus terror corroboro laboriosam.""]","[""needs-info""]","2025-10-14T13:46:28.738Z","2025-11-05T14:22:35.527Z","2025-11-06T20:02:26.070Z"
"T0052","closed","urgent","Monitored needs-based migration","{""name"":""Kristi Luettgen IV"",""email"":""roselyn33@hotmail.com"",""company"":""Friesen Inc""}","Laurence Schumm","[""Venia candidus colligo copiose."",""Amplitudo torqueo strues reprehenderit comprehendo."",""Commodi animi valde admiratio adicio tempore caste."",""Adipisci tantillus cavus."",""Contigo provident voluptatum vix arbitro."",""Vitae virgo dapifer."",""Armarium aeternus depopulo apud crastinus laborum ascit."",""Ustilo debitis damno amo pauci curo caveo suus tantum.""]","[""technical"",""question"",""needs-info"",""billing""]","2025-08-19T07:17:40.562Z","2025-09-23T02:35:16.505Z","2025-11-03T02:01:20.972Z"
"T0053","open","low","Smart zero administration database","{""name"":""Andre Leannon"",""email"":""elsie3@hotmail.com"",""company"":""Hoppe, Collier and Langosh""}",,"[""Auditor calcar tersus uxor cotidie cornu."",""Supplanto delectus synagoga accusantium cicuta."",""Curatio tutis ut damno deporto aestas temporibus caute.""]","[""question"",""needs-info"",""documentation""]","2025-10-06T17:52:44.267Z","2025-10-26T03:43:20.116Z",
"T0054","in-progress","medium","Progressive immersive analyzer","{""name"":""Dr. Gwen Gutkowski"",""email"":""jamarcus88@hotmail.com"",""company"":""Krajcik, Kiehn and Lubowitz""}","Ada Friesen","[""Stella amaritudo viridis depopulo verto cumque cultura ocer."",""Ustulo patior laudantium vilis textilis validus cupiditas turba utilis."",""Defessus autus cohors earum vinco validus."",""Deleniti voro crapula vapulus curo tabella utroque desolo."",""Unde tabernus texo pel brevis vulgus ventus sollicito terga depromo.""]","[""technical""]","2025-08-11T22:58:02.375Z","2025-08-19T11:32:10.761Z",
"T0055","resolved","high","Visionary 24/7 analyzer","{""name"":""Donald Romaguera"",""email"":""dane35@yahoo.com"",""company"":""Kiehn, Murray and McGlynn""}","Pablo Kub","[""Auxilium thesis cursus."",""Cado ullus aedificium tristis."",""Adfectus utpote adimpleo unde."",""Talus eius synagoga quo arceo sollicito."",""Certe ascisco explicabo totam ulterius."",""Minus callide certus vesco teres aggero.""]","[""bug"",""technical"",""billing""]","2025-10-09T07:20:42.950Z","2025-11-06T13:20:59.713Z","2025-11-07T00:05:28.728Z"
"T0056","closed","urgent","Configurable logistical protocol","{""name"":""Marlene Ebert"",""email"":""alisa_lowe@yahoo.com"",""company"":""McCullough - Marks""}","Raymond Harber","[""Temptatio alter aegre tandem."",""Demulceo aspicio statua decet adfectus.""]","[""billing"",""documentation""]","2025-09-16T19:36:26.448Z","2025-10-02T19:42:31.302Z","2025-11-06T22:23:08.298Z"
"T0057","open","low","Fundamental scalable adapter","{""name"":""Gerard Altenwerth"",""email"":""camden.wiegand64@hotmail.com"",""company"":""Fadel - Runte""}",,"[""Careo ocer verbum tristis avarus urbs suffoco theca defungo."",""Sol spiritus victus."",""Ratione thema tener ante.""]","[""question"",""bug"",""documentation"",""billing""]","2025-09-28T14:21:56.594Z","2025-10-24T07:10:43.706Z",
"T0058","in-progress","medium","Distributed full-range complexity","{""name"":""Willie McCullough"",""email"":""nellie_skiles@yahoo.com"",""company"":""Stamm - Schultz""}","Irving Sawayn","[""Aer beatus amiculum spargo."",""Amor turbo utor acer casus."",""Dedico similique voveo ulterius adversus bibo perspiciatis teneo taceo comminor."",""Caveo communis verumtamen clibanus appono."",""Tabesco curiositas decet coruscus exercitationem constans dapifer speculum iste terreo."",""Attero subiungo defungo.""]","[""technical"",""feature-request"",""documentation""]","2025-08-09T05:09:31.276Z","2025-09-20T16:25:32.370Z",
"T0059","resolved","high","Front-line optimal encryption","{""name"":""Casey Cronin"",""email"":""lessie_lebsack@yahoo.com"",""company"":""Haag - Ward""}","Kerry Willms","[""Candidus tertius aetas est umbra trepide."",""Spargo cavus atrocitas vociferor."",""Vacuus stultus avaritia averto vitae commodo."",""Suadeo video aetas."",""Amplitudo pariatur tendo careo casso alii."",""Callide conqueror creta colo."",""Venustas vulgaris deleniti crapula summa solutio casus adfectus.""]","[""billing"",""technical"",""feature-request""]","2025-08-17T22:04:11.067Z","2025-11-05T16:28:33.620Z","2025-11-06T00:55:22.317Z"
"T0060","closed","urgent","Secured system-worthy website","{""name"":""Maria Cummerata"",""email"":""marcos95@gmail.com"",""company"":""Spencer Group""}","Grace Schoen","[""Aequus vallum ter antea ratione cubo aurum."",""Verto vindico molestias solio explicabo arceo demum aiunt thymum bis."",""Cibo solio abundans."",""Amo vesper tutis charisma.""]","[""feature-request"",""documentation"",""billing"",""bug""]","2025-10-18T04:36:15.460Z","2025-10-23T01:53:57.711Z","2025-11-01T05:28:40.361Z"